{"cameraMode":{"drawMode":0,"name":"Shaded","section":"Shading Mode"},"sceneLighting":false,"audioPlay":false,"sceneViewState":{"m_AlwaysRefresh":false,"showFog":true,"showSkybox":false,"showFlares":true,"showImageEffects":true,"showParticleSystems":true,"showVisualEffectGraphs":true,"m_FxEnabled":true},"in2DMode":false,"pivot":{"x":-7.515999794006348,"y":1.6339999437332154,"z":-467.9770812988281},"rotation":{"x":-0.17150422930717469,"y":0.14629431068897248,"z":-0.025762006640434266,"w":-0.9739206433296204},"size":0.8660253882408142,"orthographic":false}